{
  "getListOfUser-1" : {
    "transaction" : "getListOfUser-1",
    "sampleCount" : 10,
    "errorCount" : 0,
    "errorPct" : 0.0,
    "meanResTime" : 22.9,
    "medianResTime" : 20.0,
    "minResTime" : 16.0,
    "maxResTime" : 45.0,
    "pct1ResTime" : 43.50000000000001,
    "pct2ResTime" : 45.0,
    "pct3ResTime" : 45.0,
    "throughput" : 0.11413570735604633,
    "receivedKBytesPerSec" : 0.04937706870969583,
    "sentKBytesPerSec" : 0.014935727329795128
  },
  "getListOfUser-2" : {
    "transaction" : "getListOfUser-2",
    "sampleCount" : 10,
    "errorCount" : 0,
    "errorPct" : 0.0,
    "meanResTime" : 77.60000000000001,
    "medianResTime" : 72.0,
    "minResTime" : 68.0,
    "maxResTime" : 101.0,
    "pct1ResTime" : 100.4,
    "pct2ResTime" : 101.0,
    "pct3ResTime" : 101.0,
    "throughput" : 0.11405109489051095,
    "receivedKBytesPerSec" : 0.8687485743613138,
    "sentKBytesPerSec" : 0.01358811872718978
  },
  "getListOfUser-0" : {
    "transaction" : "getListOfUser-0",
    "sampleCount" : 10,
    "errorCount" : 0,
    "errorPct" : 0.0,
    "meanResTime" : 389.2,
    "medianResTime" : 187.5,
    "minResTime" : 116.0,
    "maxResTime" : 2262.0,
    "pct1ResTime" : 2059.600000000001,
    "pct2ResTime" : 2262.0,
    "pct3ResTime" : 2262.0,
    "throughput" : 0.11127802815334112,
    "receivedKBytesPerSec" : 0.12305785066488623,
    "sentKBytesPerSec" : 0.014453103266010127
  },
  "Total" : {
    "transaction" : "Total",
    "sampleCount" : 40,
    "errorCount" : 0,
    "errorPct" : 0.0,
    "meanResTime" : 245.14999999999995,
    "medianResTime" : 108.5,
    "minResTime" : 16.0,
    "maxResTime" : 2363.0,
    "pct1ResTime" : 333.4,
    "pct2ResTime" : 2165.8499999999917,
    "pct3ResTime" : 2363.0,
    "throughput" : 0.444592641991775,
    "receivedKBytesPerSec" : 2.0352704373680117,
    "sentKBytesPerSec" : 0.08444655162832056
  },
  "getListOfUser" : {
    "transaction" : "getListOfUser",
    "sampleCount" : 10,
    "errorCount" : 0,
    "errorPct" : 0.0,
    "meanResTime" : 490.9,
    "medianResTime" : 296.0,
    "minResTime" : 204.0,
    "maxResTime" : 2363.0,
    "pct1ResTime" : 2160.600000000001,
    "pct2ResTime" : 2363.0,
    "pct3ResTime" : 2363.0,
    "throughput" : 0.11114816049794375,
    "receivedKBytesPerSec" : 1.0176352186840059,
    "sentKBytesPerSec" : 0.04222327581416028
  }
}